{"name":"17db82e1-297c-4fe8-8d1c-865fa4935cd9","id":"/providers/Microsoft.Flow/flows/17db82e1-297c-4fe8-8d1c-865fa4935cd9","type":"Microsoft.Flow/flows","properties":{"apiId":"/providers/Microsoft.PowerApps/apis/shared_logicflows","displayName":"Get Existing Sharing link","definition":{"metadata":{"workflowEntityId":null,"processAdvisorMetadata":null,"flowChargedByPaygo":null,"flowclientsuspensionreason":"None","flowclientsuspensiontime":null,"flowclientsuspensionreasondetails":null,"creator":{"id":"310b520f-9cd5-4c3f-8de5-40335708e7a4","type":"User","tenantId":"39d6d41d-c7ca-4a42-ae3b-0fba82be994b"},"provisioningMethod":"FromDefinition","failureAlertSubscription":true,"clientLastModifiedTime":"2025-08-27T14:43:18.9744708Z","connectionKeySavedTimeKey":"2025-08-27T14:43:18.9744708Z","creationSource":"Portal","modifiedSources":"Portal"},"$schema":"https://schema.management.azure.com/providers/Microsoft.Logic/schemas/2016-06-01/workflowdefinition.json#","contentVersion":"undefined","parameters":{"$authentication":{"defaultValue":{},"type":"SecureObject"},"$connections":{"defaultValue":{},"type":"Object"}},"triggers":{"manual":{"metadata":{"operationMetadataId":"fa48b744-561f-44a4-8971-6345de95cab4"},"type":"Request","kind":"Button","inputs":{"schema":{"type":"object","properties":{},"required":[]}}}},"actions":{"nextFridayVar":{"runAfter":{"initFileVar":["Succeeded"]},"metadata":{"operationMetadataId":"b701f79e-72bf-4bf1-b612-8624562869da"},"type":"InitializeVariable","inputs":{"variables":[{"name":"nextFridayVar","type":"string"}]}},"Scope_Get_Requirement_for_names_and_paths":{"actions":{"nextFriday":{"metadata":{"operationMetadataId":"1dd84cb6-d3c7-4420-b405-6e792aaf279a"},"type":"Compose","inputs":"@addDays(utcNow(),sub(5,dayOfWeek(utcNow())))"},"yearOnly":{"runAfter":{"nextFriday":["Succeeded"]},"metadata":{"operationMetadataId":"985c6587-20e7-4561-ac57-b38a238ee729"},"type":"Compose","inputs":"@concat(formatDateTime(outputs('nextFriday'),'yyyy'))"},"monthAndYear":{"runAfter":{"yearOnly":["Succeeded"]},"metadata":{"operationMetadataId":"3da98e1e-a6cf-4270-b496-90bbb7b86d26"},"type":"Compose","inputs":"@concat(formatDateTime(outputs('nextFriday'),'Y'))"},"shortMonthAndYear":{"runAfter":{"monthAndYear":["Succeeded"]},"metadata":{"operationMetadataId":"ce135e8f-c3d0-448a-8a2a-1090ae9367de"},"type":"Compose","inputs":"@concat(formatDateTime(outputs('nextFriday'),'MMM yy'))"},"dayMonthYear":{"runAfter":{"shortMonthOnly":["Succeeded"]},"metadata":{"operationMetadataId":"78a78bc4-38ca-4dfc-ad1a-7467422b71c7"},"type":"Compose","inputs":"@concat(formatDateTime(outputs('nextFriday'),'dd-MM-yyyy'))","description":"Short date format for next Fridays date. e.g 22-08-2025 "},"reportName":{"runAfter":{"dayMonthYear":["Succeeded"]},"metadata":{"operationMetadataId":"1e2d868b-3142-4ced-aff3-74c3792f692d"},"type":"Compose","inputs":"@string('Technical Security Team - Weekly Report')"},"shortMonthOnly":{"runAfter":{"shortMonthAndYear":["Succeeded"]},"metadata":{"operationMetadataId":"ce135e8f-c3d0-448a-8a2a-1090ae9367de"},"type":"Compose","inputs":"@concat(formatDateTime(outputs('nextFriday'),'MMM yy'))"}},"runAfter":{"nextFridayVar":["Succeeded"]},"metadata":{"operationMetadataId":"39cd14a7-82db-4588-b4b1-8b85acf7f788"},"type":"Scope"},"initFileVar":{"runAfter":{"sharingURL":["Succeeded"]},"metadata":{"operationMetadataId":"1e9b7811-53d9-413d-8b4a-1a4fd51779f8"},"type":"InitializeVariable","inputs":{"variables":[{"name":"fileNameVar","type":"string"}]}},"nameVariableSet":{"runAfter":{"Scope_Get_Requirement_for_names_and_paths":["Succeeded"]},"metadata":{"operationMetadataId":"7214a9c4-e595-4022-ab9d-518c476734f2"},"type":"SetVariable","inputs":{"name":"fileNameVar","value":"@concat(outputs('dayMonthYear'),'-',outputs('reportName'),'.pptx')"}},"Get_items":{"runAfter":{"nameVariableSet":["Succeeded"]},"metadata":{"operationMetadataId":"4cedb465-921a-44ff-800a-3d68f9c15542"},"type":"OpenApiConnection","inputs":{"parameters":{"dataset":"https://easyjet.sharepoint.com/sites/SecurityOperations","table":"Documents","$filter":"FileLeafRef eq '@{variables('fileNameVar')}'","folderPath":"/Shared Documents/SecOps Team Reporting/2. Weekly/1. Technical Security Weekly Report/@{outputs('yearOnly')}/@{outputs('shortMonthOnly')}/"},"host":{"apiId":"/providers/Microsoft.PowerApps/apis/shared_sharepointonline","connectionName":"shared_sharepointonline","operationId":"GetItems"},"authentication":{"value":"@json(decodeBase64(triggerOutputs().headers['X-MS-APIM-Tokens']))['$ConnectionKey']","type":"Raw"}}},"Condition":{"actions":{"ConditionStatusTrue":{"metadata":{"operationMetadataId":"5f8c7967-d85f-4329-a860-45ca80789b29"},"type":"Compose","inputs":"string(\"File Found\")"},"GetItemsID":{"runAfter":{"ConditionStatusTrue":["Succeeded"]},"metadata":{"operationMetadataId":"04a32c18-6d5e-4469-ae5c-d3cc6142fbca"},"type":"Compose","inputs":"@outputs('Get_items')?['body/value']"}},"runAfter":{"Get_items":["Succeeded"]},"else":{"actions":{"Compose":{"metadata":{"operationMetadataId":"88557e6c-6d0c-4c23-abc5-73800586c46e"},"type":"Compose","inputs":"string(\"No File Found\")"},"createFolder":{"runAfter":{"Compose":["Succeeded"]},"metadata":{"operationMetadataId":"4f270e7a-8dd0-490c-94a2-35752eac41b6"},"type":"OpenApiConnection","inputs":{"parameters":{"dataset":"https://easyjet.sharepoint.com/sites/SecurityOperations","table":"58672fad-08b5-4480-bcfd-80f783cc463b","parameters/path":"/SecOps Team Reporting/2. Weekly/1. Technical Security Weekly Report/@{outputs('YearOnly')}/@{outputs('shortMonthAndYear')}/"},"host":{"apiId":"/providers/Microsoft.PowerApps/apis/shared_sharepointonline","connectionName":"shared_sharepointonline-1","operationId":"CreateNewFolder"},"authentication":{"value":"@json(decodeBase64(triggerOutputs().headers['X-MS-APIM-Tokens']))['$ConnectionKey']","type":"Raw"}},"description":"Creating the new copy - Create folder"},"getTemplateContent":{"runAfter":{"createFolder":["Succeeded"]},"metadata":{"%252fShared%2bDocuments%252fSecOps%2bTeam%2bReporting%252f1.%2bReport%2bTemplates%252f1.%2bTechnical%2bSecurity%2bTeam%252f2.%2bWeekly%2bTechnical%2bSecurity%2bTeam%2bReport%252fTEMPLATE.pptx":"/Shared Documents/SecOps Team Reporting/1. Report Templates/1. Technical Security Team/2. Weekly Technical Security Team Report/TEMPLATE.pptx","operationMetadataId":"399b371d-978b-4967-84d2-6360f11e344d"},"type":"OpenApiConnection","inputs":{"parameters":{"dataset":"https://easyjet.sharepoint.com/sites/SecurityOperations","id":"%252fShared%2bDocuments%252fSecOps%2bTeam%2bReporting%252f1.%2bReport%2bTemplates%252f1.%2bTechnical%2bSecurity%2bTeam%252f2.%2bWeekly%2bTechnical%2bSecurity%2bTeam%2bReport%252fTEMPLATE.pptx","inferContentType":true},"host":{"apiId":"/providers/Microsoft.PowerApps/apis/shared_sharepointonline","connectionName":"shared_sharepointonline-1","operationId":"GetFileContent"},"authentication":{"value":"@json(decodeBase64(triggerOutputs().headers['X-MS-APIM-Tokens']))['$ConnectionKey']","type":"Raw"}},"description":"Gets the Template file "},"Create_file":{"runAfter":{"getTemplateContent":["Succeeded"]},"metadata":{"operationMetadataId":"92086bff-9062-49e9-af29-22e601bbe417"},"type":"OpenApiConnection","inputs":{"parameters":{"dataset":"https://easyjet.sharepoint.com/sites/SecurityOperations","folderPath":"/Shared Documents/SecOps Team Reporting/2. Weekly/1. Technical Security Weekly Report/@{outputs('YearOnly')}/@{outputs('shortMonthAndYear')}","name":"@{variables('fileNameVar')}\n","body":"@body('getTemplateContent')"},"host":{"apiId":"/providers/Microsoft.PowerApps/apis/shared_sharepointonline","connectionName":"shared_sharepointonline-1","operationId":"CreateFile"},"authentication":{"value":"@json(decodeBase64(triggerOutputs().headers['X-MS-APIM-Tokens']))['$ConnectionKey']","type":"Raw"}}}}},"expression":{"and":[{"equals":["@length(outputs('Get_items')?['body/value'])",1]}]},"metadata":{"operationMetadataId":"b778655a-bfc5-4dac-844b-66f488fcf9da"},"type":"If"},"GetItemsForSharingLink":{"runAfter":{"Condition":["Succeeded"]},"metadata":{"operationMetadataId":"4cedb465-921a-44ff-800a-3d68f9c15542"},"type":"OpenApiConnection","inputs":{"parameters":{"dataset":"https://easyjet.sharepoint.com/sites/SecurityOperations","table":"Documents","$filter":"FileLeafRef eq '@{variables('fileNameVar')}'","folderPath":"/Shared Documents/SecOps Team Reporting/2. Weekly/1. Technical Security Weekly Report/@{outputs('yearOnly')}/@{outputs('shortMonthOnly')}/"},"host":{"apiId":"/providers/Microsoft.PowerApps/apis/shared_sharepointonline","connectionName":"shared_sharepointonline","operationId":"GetItems"},"authentication":{"value":"@json(decodeBase64(triggerOutputs().headers['X-MS-APIM-Tokens']))['$ConnectionKey']","type":"Raw"}},"description":"Perform Get Items again for sharing link."},"For_each":{"foreach":"@outputs('GetItemsForSharingLink')?['body/value']","actions":{"Create_sharing_link_for_new_file":{"metadata":{"operationMetadataId":"8216eb9d-5c76-417c-8564-c23756325e14"},"type":"OpenApiConnection","inputs":{"parameters":{"dataset":"https://easyjet.sharepoint.com/sites/SecurityOperations","table":"Documents","id":"@items('For_each')?['ID']","permission/type":"edit","permission/scope":"organization"},"host":{"apiId":"/providers/Microsoft.PowerApps/apis/shared_sharepointonline","connectionName":"shared_sharepointonline-1","operationId":"CreateSharingLink"},"authentication":{"value":"@json(decodeBase64(triggerOutputs().headers['X-MS-APIM-Tokens']))['$ConnectionKey']","type":"Raw"}}},"Set_variable":{"runAfter":{"Create_sharing_link_for_new_file":["Succeeded"]},"type":"SetVariable","inputs":{"name":"sharingURLVar","value":"@outputs('Create_sharing_link_for_new_file')?['body/link/webUrl']"}}},"runAfter":{"GetItemsForSharingLink":["Succeeded"]},"type":"Foreach"},"sharingURL":{"runAfter":{},"type":"InitializeVariable","inputs":{"variables":[{"name":"sharingURLVar","type":"string"}]}},"Compose_1":{"runAfter":{"For_each":["Succeeded"]},"type":"Compose","inputs":"@variables('sharingURLVar')"}}},"connectionReferences":{"shared_sharepointonline":{"connectionName":"5585b64a3fdb4946a57aca98656024e2","source":"Invoker","id":"/providers/Microsoft.PowerApps/apis/shared_sharepointonline","tier":"NotSpecified","apiName":"sharepointonline","isProcessSimpleApiReferenceConversionAlreadyDone":false},"shared_sharepointonline-1":{"connectionName":"shared-sharepointonl-b8ae0fad-ea94-461a-a5e9-cd5403a10a06","source":"Invoker","id":"/providers/Microsoft.PowerApps/apis/shared_sharepointonline","tier":"NotSpecified","apiName":"sharepointonline","isProcessSimpleApiReferenceConversionAlreadyDone":false}},"flowFailureAlertSubscribed":false,"isManaged":false}}