{"name":"84653b2f-034c-4369-a86a-5cd2795e9012","id":"/providers/Microsoft.Flow/flows/84653b2f-034c-4369-a86a-5cd2795e9012","type":"Microsoft.Flow/flows","properties":{"apiId":"/providers/Microsoft.PowerApps/apis/shared_logicflows","displayName":"The Main Flow v2.0 - Add messaging","definition":{"metadata":{"workflowEntityId":null,"processAdvisorMetadata":null,"flowChargedByPaygo":null,"flowclientsuspensionreason":"None","flowclientsuspensiontime":null,"flowclientsuspensionreasondetails":null,"creator":{"id":"310b520f-9cd5-4c3f-8de5-40335708e7a4","type":"User","tenantId":"39d6d41d-c7ca-4a42-ae3b-0fba82be994b"},"provisioningMethod":"FromDefinition","failureAlertSubscription":true,"clientLastModifiedTime":"2025-02-02T11:02:07.1575375Z","connectionKeySavedTimeKey":"2025-02-02T11:02:07.1575375Z"},"$schema":"https://schema.management.azure.com/providers/Microsoft.Logic/schemas/2016-06-01/workflowdefinition.json#","contentVersion":"undefined","parameters":{"$authentication":{"defaultValue":{},"type":"SecureObject"},"$connections":{"defaultValue":{},"type":"Object"}},"triggers":{"manual":{"metadata":{"operationMetadataId":"ab9f362a-1883-4c93-8fd9-e3487b60b336"},"type":"Request","kind":"Button","inputs":{"schema":{"type":"object","properties":{},"required":[]}}}},"actions":{"fridayInWeek":{"runAfter":{},"metadata":{"operationMetadataId":"985c6587-20e7-4561-ac57-b38a238ee729"},"type":"Compose","inputs":"@addDays(utcNow(),sub(5,dayOfWeek(utcNow())))"},"Get_file_content":{"runAfter":{"Initialize_variable":["Succeeded"]},"metadata":{"%252fShared%2bDocuments%252fSecOps%2bTeam%2bReporting%252f1.%2bReport%2bTemplates%252f1.%2bTechnical%2bSecurity%2bTeam%252f2.%2bWeekly%2bTechnical%2bSecurity%2bTeam%2bReport%252fTEMPLATE.pptx":"/Shared Documents/SecOps Team Reporting/1. Report Templates/1. Technical Security Team/2. Weekly Technical Security Team Report/TEMPLATE.pptx","operationMetadataId":"399b371d-978b-4967-84d2-6360f11e344d"},"type":"OpenApiConnection","inputs":{"parameters":{"dataset":"https://easyjet.sharepoint.com/sites/SecurityOperations","id":"%252fShared%2bDocuments%252fSecOps%2bTeam%2bReporting%252f1.%2bReport%2bTemplates%252f1.%2bTechnical%2bSecurity%2bTeam%252f2.%2bWeekly%2bTechnical%2bSecurity%2bTeam%2bReport%252fTEMPLATE.pptx","inferContentType":true},"host":{"apiId":"/providers/Microsoft.PowerApps/apis/shared_sharepointonline","connectionName":"shared_sharepointonline","operationId":"GetFileContent"},"authentication":{"value":"@json(decodeBase64(triggerOutputs().headers['X-MS-APIM-Tokens']))['$ConnectionKey']","type":"Raw"}}},"Create_file":{"runAfter":{"Get_file_content":["Succeeded"]},"metadata":{"operationMetadataId":"92086bff-9062-49e9-af29-22e601bbe417"},"type":"OpenApiConnection","inputs":{"parameters":{"dataset":"https://easyjet.sharepoint.com/sites/SecurityOperations","folderPath":"/Shared Documents/SecOps Team Reporting/2. Weekly/1. Technical Security Weekly Report/","name":"@concat(\r\n    '/',\r\n    formatDateTime(variables('fridayInWeek'), 'yyyy'),\r\n    '/',\r\n    formatDateTime(variables('fridayInWeek'), 'MMM dd'),\r\n    '/',\r\n    formatDateTime(variables('fridayInWeek'), 'yyyyMMdd'),\r\n    ' - Technical Security Team - Weekly Report-cl.pptx'\r\n)","body":"@outputs('Get_file_content')?['body']"},"host":{"apiId":"/providers/Microsoft.PowerApps/apis/shared_sharepointonline","connectionName":"shared_sharepointonline","operationId":"CreateFile"},"authentication":{"value":"@json(decodeBase64(triggerOutputs().headers['X-MS-APIM-Tokens']))['$ConnectionKey']","type":"Raw"}}},"Initialize_variable":{"runAfter":{"fridayInWeek":["Succeeded"]},"metadata":{"operationMetadataId":"1c99772b-1fb3-4ab9-9c14-24998471aa27"},"type":"InitializeVariable","inputs":{"variables":[{"name":"fridayInWeek","type":"string","value":"@addDays(utcNow(),sub(5,dayOfWeek(utcNow())))"}]}},"Delay":{"runAfter":{"Create_file":["Succeeded"]},"metadata":{"operationMetadataId":"93503c88-6cb0-4cb4-a5b1-ca312f2d518d"},"type":"Wait","inputs":{"interval":{"count":2,"unit":"Second"}}},"Create_sharing_link_for_a_file_or_folder":{"runAfter":{"Delay":["Succeeded"]},"metadata":{"operationMetadataId":"8216eb9d-5c76-417c-8564-c23756325e14"},"type":"OpenApiConnection","inputs":{"parameters":{"dataset":"https://easyjet.sharepoint.com/sites/SecurityOperations","table":"Documents","id":"@outputs('Create_file')?['body/ItemId']","permission/type":"edit","permission/scope":"organization"},"host":{"apiId":"/providers/Microsoft.PowerApps/apis/shared_sharepointonline","connectionName":"shared_sharepointonline","operationId":"CreateSharingLink"},"authentication":{"value":"@json(decodeBase64(triggerOutputs().headers['X-MS-APIM-Tokens']))['$ConnectionKey']","type":"Raw"}}},"Post_message_in_a_chat_or_channel":{"runAfter":{"Create_sharing_link_for_a_file_or_folder":["Succeeded"]},"metadata":{"operationMetadataId":"6bd4c0ad-8faa-40ee-86cc-9793932d158e"},"type":"OpenApiConnection","inputs":{"parameters":{"poster":"User","location":"Channel","body/recipient/groupId":"6d0929ec-093c-425d-8c1e-f441da9ebd08","body/recipient/channelId":"19:f51e11b190f942dc91652299850e769b@thread.tacv2","body/messageBody":"<p class=\"editor-paragraph\"><span style=\"font-family: Tahoma;\">Hi All,</span></p><br><p class=\"editor-paragraph\"><span style=\"font-family: Tahoma;\">The Reporting template has been published.</span><span style=\"font-family: Tahoma;\">Please see the link to this weeks Report Presentation for the next team meeting on</span> @{formatDateTime(outputs('fridayInWeek'),'D')}.</p><br><p class=\"editor-paragraph\"><a href=\"@{outputs('Create_sharing_link_for_a_file_or_folder')?['body/link/webUrl']}\" class=\"editor-link\"><span style=\"font-family: Tahoma;\">PowerPoint Slide Link</span></a><br></p><br><p class=\"editor-paragraph\"><i><em class=\"editor-text-italic\" style=\"font-family: Tahoma;\">Regards</em></i><br></p><br><p class=\"editor-paragraph\"><i><em class=\"editor-text-italic\" style=\"font-family: Tahoma;\">Reporting Bot</em></i></p>","body/subject":"Weekly Report Link"},"host":{"apiId":"/providers/Microsoft.PowerApps/apis/shared_teams","connectionName":"shared_teams","operationId":"PostMessageToConversation"},"authentication":{"value":"@json(decodeBase64(triggerOutputs().headers['X-MS-APIM-Tokens']))['$ConnectionKey']","type":"Raw"}}}}},"connectionReferences":{"shared_sharepointonline":{"connectionName":"shared-sharepointonl-b8ae0fad-ea94-461a-a5e9-cd5403a10a06","source":"Invoker","id":"/providers/Microsoft.PowerApps/apis/shared_sharepointonline","tier":"NotSpecified","apiName":"sharepointonline"},"shared_teams":{"connectionName":"shared-teams-5532a934-edeb-4ad0-972b-161561b05ab0","source":"Invoker","id":"/providers/Microsoft.PowerApps/apis/shared_teams","tier":"NotSpecified","apiName":"teams"}},"flowFailureAlertSubscribed":false,"isManaged":false}}