{"name":"8930fd97-dd82-4654-87ce-dd7452be18dd","id":"/providers/Microsoft.Flow/flows/8930fd97-dd82-4654-87ce-dd7452be18dd","type":"Microsoft.Flow/flows","properties":{"apiId":"/providers/Microsoft.PowerApps/apis/shared_logicflows","displayName":"Report Generator v.7.5.5 - Live","definition":{"metadata":{"workflowEntityId":null,"processAdvisorMetadata":null,"flowChargedByPaygo":null,"flowclientsuspensionreason":"None","flowclientsuspensiontime":null,"flowclientsuspensionreasondetails":null,"creator":{"id":"310b520f-9cd5-4c3f-8de5-40335708e7a4","type":"User","tenantId":"39d6d41d-c7ca-4a42-ae3b-0fba82be994b"},"provisioningMethod":"FromDefinition","failureAlertSubscription":true,"clientLastModifiedTime":"2025-08-03T21:55:54.3951913Z","connectionKeySavedTimeKey":"2025-08-03T21:55:54.3951913Z","creationSource":null,"modifiedSources":"Portal"},"$schema":"https://schema.management.azure.com/providers/Microsoft.Logic/schemas/2016-06-01/workflowdefinition.json#","contentVersion":"undefined","parameters":{"$authentication":{"defaultValue":{},"type":"SecureObject"},"$connections":{"defaultValue":{},"type":"Object"}},"triggers":{"Recurrence_":{"recurrence":{"interval":1,"frequency":"Week","timeZone":"GMT Standard Time","startTime":"2025-03-24T10:11:00Z","schedule":{"weekDays":["Monday"],"hours":["8"],"minutes":[45]}},"type":"Recurrence"}},"actions":{"createFolder":{"runAfter":{"Scope_Get_Requirement_for_names_and_paths":["Succeeded"]},"metadata":{"operationMetadataId":"4f270e7a-8dd0-490c-94a2-35752eac41b6"},"type":"OpenApiConnection","inputs":{"parameters":{"dataset":"https://easyjet.sharepoint.com/sites/SecurityOperations","table":"58672fad-08b5-4480-bcfd-80f783cc463b","parameters/path":"/SecOps Team Reporting/2. Weekly/1. Technical Security Weekly Report/@{outputs('YearOnly')}/@{outputs('shortMonthAndYear')}/"},"host":{"apiId":"/providers/Microsoft.PowerApps/apis/shared_sharepointonline","connectionName":"shared_sharepointonline","operationId":"CreateNewFolder"},"authentication":"@parameters('$authentication')"}},"getTemplateContent":{"runAfter":{"createFolder":["Succeeded"]},"metadata":{"%252fShared%2bDocuments%252fSecOps%2bTeam%2bReporting%252f1.%2bReport%2bTemplates%252f1.%2bTechnical%2bSecurity%2bTeam%252f2.%2bWeekly%2bTechnical%2bSecurity%2bTeam%2bReport%252fTEMPLATE.pptx":"/Shared Documents/SecOps Team Reporting/1. Report Templates/1. Technical Security Team/2. Weekly Technical Security Team Report/TEMPLATE.pptx","operationMetadataId":"399b371d-978b-4967-84d2-6360f11e344d"},"type":"OpenApiConnection","inputs":{"parameters":{"dataset":"https://easyjet.sharepoint.com/sites/SecurityOperations","id":"%252fShared%2bDocuments%252fSecOps%2bTeam%2bReporting%252f1.%2bReport%2bTemplates%252f1.%2bTechnical%2bSecurity%2bTeam%252f2.%2bWeekly%2bTechnical%2bSecurity%2bTeam%2bReport%252fTEMPLATE.pptx","inferContentType":true},"host":{"apiId":"/providers/Microsoft.PowerApps/apis/shared_sharepointonline","connectionName":"shared_sharepointonline","operationId":"GetFileContent"},"authentication":"@parameters('$authentication')"},"description":"Gets the Template file "},"dup-protection-timestamp":{"runAfter":{"getTemplateContent":["Succeeded"]},"metadata":{"operationMetadataId":"8a47bb77-c0d7-474b-87fc-447708f28251"},"type":"Compose","inputs":"@formatDateTime(utcNow(), 'HH:mm')","description":"This appends a date stamp to the filename to prevent the flow creating duplicates and creating sharing links to an other file."},"Create_file":{"runAfter":{"dup-protection-timestamp":["Succeeded"]},"metadata":{"operationMetadataId":"92086bff-9062-49e9-af29-22e601bbe417"},"type":"OpenApiConnection","inputs":{"parameters":{"dataset":"https://easyjet.sharepoint.com/sites/SecurityOperations","folderPath":"/Shared Documents/SecOps Team Reporting/2. Weekly/1. Technical Security Weekly Report/@{outputs('YearOnly')}/@{outputs('shortMonthAndYear')}","name":"@{outputs('dayMonthYear')}-@{outputs('reportName')} -@{outputs('dup-protection-timestamp')}.pptx\n","body":"@body('getTemplateContent')"},"host":{"apiId":"/providers/Microsoft.PowerApps/apis/shared_sharepointonline","connectionName":"shared_sharepointonline","operationId":"CreateFile"},"authentication":"@parameters('$authentication')"}},"Create_sharing_link_for_new_file":{"runAfter":{"Create_file":["Succeeded"]},"metadata":{"operationMetadataId":"8216eb9d-5c76-417c-8564-c23756325e14"},"type":"OpenApiConnection","inputs":{"parameters":{"dataset":"https://easyjet.sharepoint.com/sites/SecurityOperations","table":"Documents","id":"@outputs('Create_file')?['body/ItemId']","permission/type":"edit","permission/scope":"organization"},"host":{"apiId":"/providers/Microsoft.PowerApps/apis/shared_sharepointonline","connectionName":"shared_sharepointonline","operationId":"CreateSharingLink"},"authentication":"@parameters('$authentication')"}},"nameList_Prodcution":{"runAfter":{"Create_sharing_link_for_new_file":["Succeeded"]},"metadata":{"operationMetadataId":"6947456a-1715-4667-b2bb-2724f34885e6"},"type":"Compose","inputs":"@createArray(\r\n'adam.abdat@easyjet.com',\r\n'katie.laidler@easyjet.com',\r\n'mark.frost@easyjet.com',\r\n'jon.enright@easyjet.com',\r\n'robert.cooper@easyjet.com',\r\n'charles.london@easyjet.com',\r\n'cameron.heckstallsmith@easyjet.com',\r\n'washima.tuleun@easyjet.com',\r\n'steve.cooper@easyjet.com',\r\n'ben.dickson@easyjet.com',\r\n'Alan.Ginger@easyJet.com',\r\n'Jason.Moreton@easyJet.com',\r\n'Augusto.Garcia@easyJet.com',\r\n'Simon.Adams@easyJet.com',\r\n'Nathan.Broux@easyjet.com',\r\n'Will.Archer@easyJet.com',\r\n'Gary.Wagstaff@easyJet.com',\r\n'Adam.Green@easyJet.com',\r\n'Craig.Barrington@easyJet.com',\r\n'Richard.Waine@easyJet.com'\r\n)"},"varMentions":{"runAfter":{"nameList_-_Testing":["Succeeded"]},"metadata":{"operationMetadataId":"4aeb5aba-04c0-4b91-b27b-c505cfba4e52"},"type":"InitializeVariable","inputs":{"variables":[{"name":"varMentions","type":"string"}]}},"Workflow-version":{"runAfter":{"Apply_to_each":["Succeeded"]},"metadata":{"operationMetadataId":"b6df3971-3eeb-43e8-a51e-8d3a5922894e"},"type":"Compose","inputs":"@workflow()"},"Parse_JSON_Workflow_name":{"runAfter":{"Workflow-version":["Succeeded"]},"metadata":{"operationMetadataId":"bc726cbd-fcf9-4905-a982-465967b592d4"},"type":"ParseJson","inputs":{"content":"@outputs('Workflow-version')","schema":{"type":"object","properties":{"id":{"type":"string"},"name":{"type":"string"},"type":{"type":"string"},"location":{"type":"string"},"tags":{"type":"object","properties":{"flowDisplayName":{"type":"string"},"environmentName":{"type":"string"},"logicAppName":{"type":"string"},"environmentFlowSuspensionReason":{"type":"string"},"state":{"type":"string"},"createdTime":{"type":"string"},"lastModifiedTime":{"type":"string"},"createdBy":{"type":"string"},"triggerType":{"type":"string"}}},"run":{"type":"object","properties":{"id":{"type":"string"},"name":{"type":"string"},"type":{"type":"string"}}}}}}},"Scope_Get_Requirement_for_names_and_paths":{"actions":{"nextFriday":{"metadata":{"operationMetadataId":"1dd84cb6-d3c7-4420-b405-6e792aaf279a"},"type":"Compose","inputs":"@addDays(utcNow(),sub(5,dayOfWeek(utcNow())))"},"yearOnly":{"runAfter":{"nextFriday":["Succeeded"]},"metadata":{"operationMetadataId":"985c6587-20e7-4561-ac57-b38a238ee729"},"type":"Compose","inputs":"@concat(formatDateTime(outputs('nextFriday'),'yyyy'))"},"monthAndYear":{"runAfter":{"yearOnly":["Succeeded"]},"metadata":{"operationMetadataId":"3da98e1e-a6cf-4270-b496-90bbb7b86d26"},"type":"Compose","inputs":"@concat(formatDateTime(outputs('nextFriday'),'Y'))"},"shortMonthAndYear":{"runAfter":{"monthAndYear":["Succeeded"]},"metadata":{"operationMetadataId":"ce135e8f-c3d0-448a-8a2a-1090ae9367de"},"type":"Compose","inputs":"@concat(formatDateTime(outputs('nextFriday'),'MMM yy'))"},"dayMonthYear":{"runAfter":{"shortMonthAndYear":["Succeeded"]},"metadata":{"operationMetadataId":"78a78bc4-38ca-4dfc-ad1a-7467422b71c7"},"type":"Compose","inputs":"@concat(formatDateTime(outputs('nextFriday'),'dd-MM-yyyy'))"},"reportName":{"runAfter":{"dayMonthYear":["Succeeded"]},"metadata":{"operationMetadataId":"1e2d868b-3142-4ced-aff3-74c3792f692d"},"type":"Compose","inputs":"@string('Technical Security Team - Weekly Report')"}},"runAfter":{"nextFridayVar":["Succeeded"]},"metadata":{"operationMetadataId":"39cd14a7-82db-4588-b4b1-8b85acf7f788"},"type":"Scope"},"Scope_Friday_":{"actions":{"Compose_-_Friday_Date_Only":{"metadata":{"operationMetadataId":"fae1a7d3-3a67-4a33-9b36-c07828a32476"},"type":"Compose","inputs":"@addDays(utcNow('D'),\r\nif(equals(dayOfWeek(utcNow('D')),0),1,\r\n  sub(5,dayOfWeek(utcNow('D')))\r\n)\r\n)"},"Compose_-_Make_it_9am_Friday":{"runAfter":{"Compose_-_Friday_Date_Only":["Succeeded"]},"metadata":{"operationMetadataId":"8c3d675f-7ecd-4bc3-97d7-911586d5d34e"},"type":"Compose","inputs":"@addHours(outputs('Compose_-_Friday_Date_Only'),9)"},"Compose_-_Friday_Between_9.0am_and_9.55am_":{"runAfter":{"Compose_-_Make_it_9am_Friday":["Succeeded"]},"metadata":{"operationMetadataId":"c586d786-e65d-4848-bdbd-44ada3bd7178"},"type":"Compose","inputs":"@addMinutes(outputs('Compose_-_Make_it_9am_Friday'), rand(5,55))"},"Delay_Until_Friday":{"runAfter":{"Compose_-_Friday_Between_9.0am_and_9.55am_":["Succeeded"]},"metadata":{"operationMetadataId":"7d0f5515-dce1-4d62-8860-c01af27905b8"},"type":"Wait","inputs":{"until":{"timestamp":"@formatDateTime(outputs('Compose_-_Friday_Between_9.0am_and_9.55am_'),'yyyy-MM-ddTHH:mm:ssZ' )"}}}},"runAfter":{"Condition_Check_for_Wednesday":["Succeeded"]},"metadata":{"operationMetadataId":"59a1c1a5-45e5-4d8e-ac9d-199a7acc679f"},"type":"Scope"},"Condition_Check_For_Monday":{"actions":{"ProdMondayMessageText":{"metadata":{"operationMetadataId":"2ccffa2c-8434-46fc-8af5-101242d3563d"},"type":"Compose","inputs":{"$schema":"https://adaptivecards.io/schemas/adaptive-card.json","type":"AdaptiveCard","version":"1.2","body":[{"type":"ColumnSet","columns":[{"type":"Column","width":"auto","items":[{"type":"Image","url":"@{variables('EncodeImage')}","width":"50px","height":"50px","spacing":"large","horizontalAlignment":"left","altText":"Digital Safey Team"}]},{"type":"Column","width":"stretch","items":[{"type":"TextBlock","text":"Monday Weekly Report Reminder","weight":"Bolder","size":"Medium"},{"type":"TextBlock","text":"Technical Security Team","isSubtle":true,"wrap":true}]}]},{"type":"TextBlock","text":"Hi Team,","separator":true},{"type":"TextBlock","text":"Weekly report reminder for @{formatDateTime(outputs('nextFriday'), 'dd MMM yyyy')} ","wrap":true,"height":"stretch","horizontalAlignment":"Left","spacing":"Large"},{"type":"TextBlock","text":"To ","wrap":true},{"type":"TextBlock","text":"@{variables('varMentions')}","wrap":true,"color":"Accent"},{"type":"TextBlock","text":"Please find below the link to this week's PowerPoint presentation for our meeting on Friday @{variables('nextFridayVar')}.","fontType":"Default","size":"Medium","weight":"Lighter","wrap":true,"height":"stretch","horizontalAlignment":"Left","spacing":"Large"},{"type":"ActionSet","actions":[{"type":"Action.OpenUrl","title":"Click here to open report","url":"@{outputs('Create_sharing_link_for_new_file')?['body/link/webUrl']}"}]},{"type":"TextBlock","text":"Flow version  @{body('Parse_JSON_Workflow_name')?['tags']?['flowDisplayName']}  ","wrap":true,"height":"stretch","size":"small","horizontalAlignment":"Left","spacing":"Large","weight":"Lighter","separator":true}]}},"ProdPostMondayMessage":{"runAfter":{"ProdMondayMessageText":["Succeeded"]},"metadata":{"operationMetadataId":"987ced9a-10ad-47d2-b11d-e15ca6f95e5d"},"type":"OpenApiConnection","inputs":{"parameters":{"poster":"User","location":"Channel","body/recipient/groupId":"Technical Security Team Reporting","body/recipient/channelId":"Technical Security Team Reporting","body/messageBody":"@outputs('ProdMondayMessageText')"},"host":{"apiId":"/providers/Microsoft.PowerApps/apis/shared_teams","connectionName":"shared_teams","operationId":"PostCardToConversation"},"authentication":"@parameters('$authentication')"}}},"runAfter":{"Parse_JSON_Workflow_name":["Succeeded"]},"else":{"actions":{"TestMondaymessageText":{"metadata":{"operationMetadataId":"2ccffa2c-8434-46fc-8af5-101242d3563d"},"type":"Compose","inputs":{"$schema":"https://adaptivecards.io/schemas/adaptive-card.json","type":"AdaptiveCard","version":"1.2","body":[{"type":"ColumnSet","columns":[{"type":"Column","width":"auto","items":[{"type":"Image","url":"@{variables('EncodeImage')}","width":"50px","height":"50px","spacing":"large","horizontalAlignment":"left","altText":"Image from SharePoint"}]},{"type":"Column","width":"stretch","items":[{"type":"TextBlock","text":"Friday Report Reminder","weight":"Bolder","size":"Medium"},{"type":"TextBlock","text":"Technical Security Team","isSubtle":true,"wrap":true}]}]},{"type":"TextBlock","text":"Happy Friday  Team,","separator":true},{"type":"TextBlock","text":"To ","wrap":true},{"type":"TextBlock","text":"@{variables('varMentions')}","wrap":true,"color":"Accent"},{"type":"TextBlock","text":"Please find below the link to this week's PowerPoint presentation for todays meeting  @{variables('nextFridayVar')}","fontType":"Default","size":"Medium","weight":"Lighter","wrap":true,"height":"stretch","horizontalAlignment":"Left","spacing":"Large"},{"type":"TextBlock","text":"** Please remember to update the on-call page for your team in the slides **","fontType":"Default","size":"Medium","color":"accent","weight":"Bolder","wrap":true,"height":"stretch","horizontalAlignment":"Left","spacing":"Large"},{"type":"ActionSet","actions":[{"type":"Action.OpenUrl","title":"Click here to open report","url":"@{outputs('Create_sharing_link_for_new_file')?['body/link/webUrl']}"}]},{"type":"TextBlock","text":"Flow version  @{body('Parse_JSON_Workflow_name')?['tags']?['flowDisplayName']}  ","wrap":true,"height":"stretch","size":"small","horizontalAlignment":"Left","spacing":"Large","weight":"Lighter","separator":true}]}},"TestPostMondayMessage":{"runAfter":{"TestMondaymessageText":["Succeeded"]},"metadata":{"operationMetadataId":"987ced9a-10ad-47d2-b11d-e15ca6f95e5d"},"type":"OpenApiConnection","inputs":{"parameters":{"poster":"User","location":"Channel","body/recipient/groupId":"6d0929ec-093c-425d-8c1e-f441da9ebd08","body/recipient/channelId":"19:6294c4cb0e0743fd9f8bdfbb9dbecb2f@thread.tacv2","body/messageBody":"@outputs('TestMondaymessageText')"},"host":{"apiId":"/providers/Microsoft.PowerApps/apis/shared_teams","connectionName":"shared_teams","operationId":"PostCardToConversation"},"authentication":"@parameters('$authentication')"}}}},"expression":{"and":[{"equals":["@dayOfWeek(utcNow())",1]},{"equals":["@variables('testIngStateVAR')",false]}]},"metadata":{"operationMetadataId":"3185cc2e-b9ea-49ad-b162-6430378aad0b"},"type":"If"},"Scope_Wednesday_Reminder":{"actions":{"Compose_-_Wednesday_Date_Only":{"metadata":{"operationMetadataId":"ed4c374a-a8ad-45c7-bb4f-331391da4410"},"type":"Compose","inputs":"@addDays(utcNow('D'),\r\nif(equals(dayOfWeek(utcNow('D')),0),1,\r\n  sub(3,dayOfWeek(utcNow('D')))\r\n)\r\n)"},"Compose_-_Make_it_9am_Wednesday":{"runAfter":{"Compose_-_Wednesday_Date_Only":["Succeeded"]},"metadata":{"operationMetadataId":"8547e77a-28c5-4b7a-8dfa-221719e863d2"},"type":"Compose","inputs":"@addHours(outputs('Compose_-_Wednesday_Date_Only'),9)"},"Compose_-_Wednesday_Between_9.0am_and_9.55am_":{"runAfter":{"Compose_-_Make_it_9am_Wednesday":["Succeeded"]},"metadata":{"operationMetadataId":"2bd08715-ee5c-44cb-b36c-572f4e7a1f6c"},"type":"Compose","inputs":"@addMinutes(outputs('Compose_-_Make_it_9am_Wednesday'), rand(5,55))"},"Delay_Until_Wednesday":{"runAfter":{"Compose_-_Wednesday_Between_9.0am_and_9.55am_":["Succeeded"]},"metadata":{"operationMetadataId":"30f330b4-5d95-442e-85f9-1d63ac5e1f30"},"type":"Wait","inputs":{"until":{"timestamp":"@formatDateTime(outputs('Compose_-_Wednesday_Between_9.0am_and_9.55am_'),'yyyy-MM-ddTHH:mm:ssZ' )"}}}},"runAfter":{"Condition_Check_For_Monday":["Succeeded"]},"metadata":{"operationMetadataId":"f8194f13-d657-4f05-9aa9-850ea52fff08"},"type":"Scope"},"Condition_Check_for_Wednesday":{"actions":{"Post_card_Wednesday_Message":{"runAfter":{"ProdWednesdayMessage":["Succeeded"]},"metadata":{"operationMetadataId":"887677ad-121f-459b-95fd-0bb175fb2d0d"},"type":"OpenApiConnection","inputs":{"parameters":{"poster":"User","location":"Channel","body/recipient/groupId":"97eef1f9-4eb5-4ff4-a2c6-c81e3b34852a","body/recipient/channelId":"19:30246ea39af844b5a960c71fe8ab930d@thread.tacv2","body/messageBody":"@outputs('ProdWednesdayMessage')"},"host":{"apiId":"/providers/Microsoft.PowerApps/apis/shared_teams","connectionName":"shared_teams","operationId":"PostCardToConversation"},"authentication":"@parameters('$authentication')"}},"ProdWednesdayMessage":{"metadata":{"operationMetadataId":"2ccffa2c-8434-46fc-8af5-101242d3563d"},"type":"Compose","inputs":{"$schema":"https://adaptivecards.io/schemas/adaptive-card.json","type":"AdaptiveCard","version":"1.2","body":[{"type":"ColumnSet","columns":[{"type":"Column","width":"auto","items":[{"type":"Image","url":"@{variables('EncodeImage')}","width":"50px","height":"50px","spacing":"large","horizontalAlignment":"left","altText":"Digital Safey Team"}]},{"type":"Column","width":"stretch","items":[{"type":"TextBlock","text":"Wednesday Weekly Report Reminder","weight":"Bolder","size":"Medium"},{"type":"TextBlock","text":"Technical Security Team","isSubtle":true,"wrap":true}]}]},{"type":"TextBlock","text":"Hi Team,","separator":true},{"type":"TextBlock","text":"Weekly report reminder for @{formatDateTime(outputs('nextFriday'), 'dd MMM yyyy')} ","wrap":true,"height":"stretch","horizontalAlignment":"Left","spacing":"Large"},{"type":"TextBlock","text":"To ","wrap":true},{"type":"TextBlock","text":"@{variables('varMentions')}","wrap":true,"color":"Accent"},{"type":"TextBlock","text":"Please find below the link to this week's PowerPoint presentation for our meeting on Friday  @{variables('nextFridayVar')}","fontType":"Default","size":"Medium","weight":"Lighter","wrap":true,"height":"stretch","horizontalAlignment":"Left","spacing":"Large"},{"type":"TextBlock","text":"** You may wish to add some entries early **","wrap":true,"color":"Warning"},{"type":"ActionSet","actions":[{"type":"Action.OpenUrl","title":"Click here to open report","url":"@{outputs('Create_sharing_link_for_new_file')?['body/link/webUrl']}"}]},{"type":"TextBlock","text":"Flow version  @{body('Parse_JSON_Workflow_name')?['tags']?['flowDisplayName']}  ","wrap":true,"height":"stretch","size":"small","horizontalAlignment":"Left","spacing":"Large","weight":"Lighter","separator":true}]}}},"runAfter":{"Scope_Wednesday_Reminder":["Succeeded"]},"else":{"actions":{"composeWednesdayMessage":{"metadata":{"operationMetadataId":"2ccffa2c-8434-46fc-8af5-101242d3563d"},"type":"Compose","inputs":{"type":"AdaptiveCard","body":[{"type":"Container","items":[{"type":"TextBlock","size":"Medium","weight":"Bolder","text":"Wednesday Reminder for  Weekly Report - @{formatDateTime(outputs('nextFriday'), 'dd MMM yyyy')}"},{"type":"TextBlock","text":"Hi Team,","wrap":true},{"type":"TextBlock","text":"To - @{variables('varMentions')}","wrap":true,"color":"Accent"}]},{"type":"TextBlock","text":"Please find below the link to this week's PowerPoint presentation for the team meeting this Friday.","wrap":true},{"type":"TextBlock","text":"** You may wish to add some entries early **","wrap":true,"color":"Warning"},{"type":"ActionSet","actions":[{"type":"Action.OpenUrl","title":"Click here to open report","url":"@{outputs('Create_sharing_link_for_new_file')?['body/link/webUrl']}"}]},{"type":"TextBlock","text":"Flow version  @{body('Parse_JSON_Workflow_name')?['tags']?['flowDisplayName']} ","wrap":true,"size":"Small"}],"$schema":"http://adaptivecards.io/schemas/adaptive-card.json","version":"1.3"}}}},"expression":{"equals":["@dayOfWeek(utcNow())",3]},"metadata":{"operationMetadataId":"794a2e57-8618-48da-b44e-9f6dd0d471ce"},"type":"If"},"Condition_-_Check_for_Friday":{"actions":{"composeFridayMessage":{"metadata":{"operationMetadataId":"2ccffa2c-8434-46fc-8af5-101242d3563d"},"type":"Compose","inputs":{"$schema":"https://adaptivecards.io/schemas/adaptive-card.json","type":"AdaptiveCard","version":"1.2","body":[{"type":"ColumnSet","columns":[{"type":"Column","width":"auto","items":[{"type":"Image","url":"@{variables('EncodeImage')}","width":"50px","height":"50px","spacing":"large","horizontalAlignment":"left","altText":"Digital Safey Team"}]},{"type":"Column","width":"stretch","items":[{"type":"TextBlock","text":"Friday Report Reminder","weight":"Bolder","size":"Medium"},{"type":"TextBlock","text":"Technical Security Team","isSubtle":true,"wrap":true}]}]},{"type":"TextBlock","text":"Happy Friday  Team,","separator":true},{"type":"TextBlock","text":"To ","wrap":true},{"type":"TextBlock","text":"@{variables('varMentions')}","wrap":true,"color":"Accent"},{"type":"TextBlock","text":"Please find below the link to this week's PowerPoint presentation for todays meeting @{variables('nextFridayVar')}.","fontType":"Default","size":"Medium","weight":"Lighter","wrap":true,"height":"stretch","horizontalAlignment":"Left","spacing":"Large"},{"type":"TextBlock","text":"** Please remember to update the on-call page for your team in the slides **","fontType":"Default","size":"Medium","color":"accent","weight":"Bolder","wrap":true,"height":"stretch","horizontalAlignment":"Left","spacing":"Large"},{"type":"ActionSet","actions":[{"type":"Action.OpenUrl","title":"Click here to open report","url":"@{outputs('Create_sharing_link_for_new_file')?['body/link/webUrl']}"}]},{"type":"TextBlock","text":"Flow version  @{body('Parse_JSON_Workflow_name')?['tags']?['flowDisplayName']}  ","wrap":true,"height":"stretch","size":"small","horizontalAlignment":"Left","spacing":"Large","weight":"Lighter","separator":true}]}},"Post_card_Friday_Message":{"runAfter":{"composeFridayMessage":["Succeeded"]},"metadata":{"operationMetadataId":"6048120c-ad34-4892-a282-93ba17e6bfb5"},"type":"OpenApiConnection","inputs":{"parameters":{"poster":"User","location":"Channel","body/recipient/groupId":"97eef1f9-4eb5-4ff4-a2c6-c81e3b34852a","body/recipient/channelId":"19:30246ea39af844b5a960c71fe8ab930d@thread.tacv2","body/messageBody":"@outputs('composeFridayMessage')"},"host":{"apiId":"/providers/Microsoft.PowerApps/apis/shared_teams","connectionName":"shared_teams","operationId":"PostCardToConversation"},"authentication":"@parameters('$authentication')"}}},"runAfter":{"Scope_Friday_":["Succeeded"]},"else":{"actions":{}},"expression":{"equals":["@dayOfWeek(utcNow())",5]},"metadata":{"operationMetadataId":"e8814d6e-168c-4c39-97cb-f21a93ba19ab"},"type":"If"},"nameList_-_Testing":{"runAfter":{"nameList_Prodcution":["Succeeded"]},"metadata":{"operationMetadataId":"6947456a-1715-4667-b2bb-2724f34885e6"},"type":"Compose","inputs":"@createArray('charles.london@easyjet.com')"},"testIngStateVAR":{"runAfter":{},"metadata":{"operationMetadataId":"f75996ab-850f-404e-ae71-2e26a41f966c"},"type":"InitializeVariable","inputs":{"variables":[{"name":"testIngStateVAR","type":"boolean","value":false}]},"description":"Set to 0 for testing and 1 for Production"},"GetLogoImage":{"runAfter":{"testIngStateVAR":["Succeeded"]},"metadata":{"operationMetadataId":"b05191d4-70a1-4e74-8714-da80a4590166","%252fShared%2bDocuments%252fSecOps%2bTeam%2bReporting%252f1.%2bReport%2bTemplates%252f1.%2bTechnical%2bSecurity%2bTeam%252fimages%252fdigital-safety-logo-small.png":"/Shared Documents/SecOps Team Reporting/1. Report Templates/1. Technical Security Team/images/digital-safety-logo-small.png"},"type":"OpenApiConnection","inputs":{"parameters":{"dataset":"https://easyjet.sharepoint.com/sites/SecurityOperations","id":"%252fShared%2bDocuments%252fSecOps%2bTeam%2bReporting%252f1.%2bReport%2bTemplates%252f1.%2bTechnical%2bSecurity%2bTeam%252fimages%252fdigital-safety-logo-small.png","inferContentType":true},"host":{"apiId":"/providers/Microsoft.PowerApps/apis/shared_sharepointonline","connectionName":"shared_sharepointonline_1","operationId":"GetFileContent"},"authentication":"@parameters('$authentication')"}},"EncodeImage":{"runAfter":{"GetLogoImage":["Succeeded"]},"type":"InitializeVariable","inputs":{"variables":[{"name":"EncodeImage","type":"string","value":"@concat('data:image/png;base64,', base64(body('GetLogoImage')))"}]}},"nextFridayVar":{"runAfter":{"EncodeImage":["Succeeded"]},"type":"InitializeVariable","inputs":{"variables":[{"name":"nextFridayVar","type":"string"}]}},"Apply_to_each":{"foreach":"@outputs('nameList_Prodcution')","actions":{"Try_to_Get_Mention_1":{"actions":{"Append_to_string_variable_":{"runAfter":{"Continue_Loop":["Succeeded"]},"type":"AppendToStringVariable","inputs":{"name":"varMentions","value":"@outputs('Get_an_@mention_token_for_a_user')?['body/atMention']"}},"Continue_Loop":{"runAfter":{"Get_an_@mention_token_for_a_user":["Succeeded","TimedOut","Skipped","Failed"]},"type":"Compose","inputs":0},"Get_an_@mention_token_for_a_user":{"type":"OpenApiConnection","inputs":{"parameters":{"userId":"@items('Apply_to_each')"},"host":{"apiId":"/providers/Microsoft.PowerApps/apis/shared_teams","connectionName":"shared_teams","operationId":"AtMentionUser"},"authentication":"@parameters('$authentication')"}}},"type":"Scope"}},"runAfter":{"varMentions":["Succeeded"]},"type":"Foreach"}}},"connectionReferences":{"shared_sharepointonline":{"connectionName":"shared-sharepointonl-b8ae0fad-ea94-461a-a5e9-cd5403a10a06","source":"Embedded","id":"/providers/Microsoft.PowerApps/apis/shared_sharepointonline","tier":"NotSpecified","apiName":"sharepointonline","isProcessSimpleApiReferenceConversionAlreadyDone":false},"shared_teams":{"connectionName":"shared-teams-5532a934-edeb-4ad0-972b-161561b05ab0","source":"Embedded","id":"/providers/Microsoft.PowerApps/apis/shared_teams","tier":"NotSpecified","apiName":"teams","isProcessSimpleApiReferenceConversionAlreadyDone":false},"shared_sharepointonline_1":{"connectionName":"5585b64a3fdb4946a57aca98656024e2","source":"Embedded","id":"/providers/Microsoft.PowerApps/apis/shared_sharepointonline","tier":"NotSpecified","apiName":"sharepointonline","isProcessSimpleApiReferenceConversionAlreadyDone":false}},"flowFailureAlertSubscribed":false,"isManaged":false}}