{"name":"b6773a68-fbd5-4fa3-9c43-98314843f120","id":"/providers/Microsoft.Flow/flows/b6773a68-fbd5-4fa3-9c43-98314843f120","type":"Microsoft.Flow/flows","properties":{"apiId":"/providers/Microsoft.PowerApps/apis/shared_logicflows","displayName":"Report Generator v.7.4.0","definition":{"metadata":{"workflowEntityId":null,"processAdvisorMetadata":null,"flowChargedByPaygo":null,"flowclientsuspensionreason":"None","flowclientsuspensiontime":null,"flowclientsuspensionreasondetails":null,"creator":{"id":"310b520f-9cd5-4c3f-8de5-40335708e7a4","type":"User","tenantId":"39d6d41d-c7ca-4a42-ae3b-0fba82be994b"},"provisioningMethod":"FromDefinition","failureAlertSubscription":true,"clientLastModifiedTime":"2025-02-16T14:55:47.9117129Z","connectionKeySavedTimeKey":"2025-02-16T14:55:47.9117129Z"},"$schema":"https://schema.management.azure.com/providers/Microsoft.Logic/schemas/2016-06-01/workflowdefinition.json#","contentVersion":"undefined","parameters":{"$authentication":{"defaultValue":{},"type":"SecureObject"},"$connections":{"defaultValue":{},"type":"Object"}},"triggers":{"Recurrence":{"recurrence":{"frequency":"Week","interval":1,"timeZone":"GMT Standard Time","schedule":{"weekDays":["Monday"],"hours":["8"],"minutes":[55]}},"metadata":{"operationMetadataId":"2d47cae9-620c-4b7f-a443-2f5b65e33959"},"type":"Recurrence"}},"actions":{"createFolder":{"runAfter":{"Scope_Get_Requirement_for_names_and_paths":["Succeeded"]},"metadata":{"operationMetadataId":"4f270e7a-8dd0-490c-94a2-35752eac41b6"},"type":"OpenApiConnection","inputs":{"parameters":{"dataset":"https://easyjet.sharepoint.com/sites/SecurityOperations","table":"58672fad-08b5-4480-bcfd-80f783cc463b","parameters/path":"/SecOps Team Reporting/2. Weekly/1. Technical Security Weekly Report/@{outputs('YearOnly')}/@{outputs('shortMonthAndYear')}/"},"host":{"apiId":"/providers/Microsoft.PowerApps/apis/shared_sharepointonline","connectionName":"shared_sharepointonline","operationId":"CreateNewFolder"},"authentication":"@parameters('$authentication')"}},"getTemplateContent":{"runAfter":{"createFolder":["Succeeded"]},"metadata":{"%252fShared%2bDocuments%252fSecOps%2bTeam%2bReporting%252f1.%2bReport%2bTemplates%252f1.%2bTechnical%2bSecurity%2bTeam%252f2.%2bWeekly%2bTechnical%2bSecurity%2bTeam%2bReport%252fTEMPLATE.pptx":"/Shared Documents/SecOps Team Reporting/1. Report Templates/1. Technical Security Team/2. Weekly Technical Security Team Report/TEMPLATE.pptx","operationMetadataId":"399b371d-978b-4967-84d2-6360f11e344d"},"type":"OpenApiConnection","inputs":{"parameters":{"dataset":"https://easyjet.sharepoint.com/sites/SecurityOperations","id":"%252fShared%2bDocuments%252fSecOps%2bTeam%2bReporting%252f1.%2bReport%2bTemplates%252f1.%2bTechnical%2bSecurity%2bTeam%252f2.%2bWeekly%2bTechnical%2bSecurity%2bTeam%2bReport%252fTEMPLATE.pptx","inferContentType":true},"host":{"apiId":"/providers/Microsoft.PowerApps/apis/shared_sharepointonline","connectionName":"shared_sharepointonline","operationId":"GetFileContent"},"authentication":"@parameters('$authentication')"}},"dup-protection-timestamp":{"runAfter":{"getTemplateContent":["Succeeded"]},"metadata":{"operationMetadataId":"8a47bb77-c0d7-474b-87fc-447708f28251"},"type":"Compose","inputs":"@formatDateTime(utcNow(), 'HH:mm')"},"Create_file":{"runAfter":{"dup-protection-timestamp":["Succeeded"]},"metadata":{"operationMetadataId":"92086bff-9062-49e9-af29-22e601bbe417"},"type":"OpenApiConnection","inputs":{"parameters":{"dataset":"https://easyjet.sharepoint.com/sites/SecurityOperations","folderPath":"/Shared Documents/SecOps Team Reporting/2. Weekly/1. Technical Security Weekly Report/@{outputs('YearOnly')}/@{outputs('shortMonthAndYear')}","name":"@{outputs('dayMonthYear')}-@{outputs('reportName')} -@{outputs('dup-protection-timestamp')}.pptx\n","body":"@body('getTemplateContent')"},"host":{"apiId":"/providers/Microsoft.PowerApps/apis/shared_sharepointonline","connectionName":"shared_sharepointonline","operationId":"CreateFile"},"authentication":"@parameters('$authentication')"}},"Create_sharing_link_for_new_file":{"runAfter":{"Create_file":["Succeeded"]},"metadata":{"operationMetadataId":"8216eb9d-5c76-417c-8564-c23756325e14"},"type":"OpenApiConnection","inputs":{"parameters":{"dataset":"https://easyjet.sharepoint.com/sites/SecurityOperations","table":"Documents","id":"@outputs('Create_file')?['body/ItemId']","permission/type":"edit","permission/scope":"organization"},"host":{"apiId":"/providers/Microsoft.PowerApps/apis/shared_sharepointonline","connectionName":"shared_sharepointonline","operationId":"CreateSharingLink"},"authentication":"@parameters('$authentication')"}},"Get_Mention_for_Each_Name":{"foreach":"@outputs('nameList')","actions":{"Get_an_@mention_token_for_a_user":{"metadata":{"operationMetadataId":"e649f371-964a-41a8-8060-9f99cfc14ce1"},"type":"OpenApiConnection","inputs":{"parameters":{"userId":"@items('Get_Mention_for_Each_Name')"},"host":{"apiId":"/providers/Microsoft.PowerApps/apis/shared_teams","connectionName":"shared_teams","operationId":"AtMentionUser"},"authentication":"@parameters('$authentication')"}},"mentionsStrings":{"runAfter":{"Get_an_@mention_token_for_a_user":["Succeeded"]},"metadata":{"operationMetadataId":"38e82652-cde4-4c38-b048-0755dd99d7e1"},"type":"AppendToStringVariable","inputs":{"name":"varMentions","value":"@concat(outputs('Get_an_@mention_token_for_a_user')?['body/atMention'],'; ')"}}},"runAfter":{"varMentions":["Succeeded"]},"metadata":{"operationMetadataId":"5fb33f95-a859-421e-a2fb-b45dbb83cbbd"},"type":"Foreach"},"nameList":{"runAfter":{"Create_sharing_link_for_new_file":["Succeeded"]},"metadata":{"operationMetadataId":"6947456a-1715-4667-b2bb-2724f34885e6"},"type":"Compose","inputs":"@createArray('adam.abdat@easyjet.com', 'katie.laidler@easyjet.com', 'mark.frost@easyjet.com', 'jon.enright@easyjet.com', 'robert.cooper@easyjet.com', 'charles.london@easyjet.com', 'cameron.heckstallsmith@easyjet.com', 'washima.tuleun@easyjet.com', 'steve.cooper@easyjet.com', 'jotinder.dhanjal@easyjet.com', 'shilpa.kothari@easyjet.com')"},"varMentions":{"runAfter":{"nameList":["Succeeded"]},"metadata":{"operationMetadataId":"4aeb5aba-04c0-4b91-b27b-c505cfba4e52"},"type":"InitializeVariable","inputs":{"variables":[{"name":"varMentions","type":"string"}]}},"Workflow-version":{"runAfter":{"Get_Mention_for_Each_Name":["Succeeded"]},"metadata":{"operationMetadataId":"b6df3971-3eeb-43e8-a51e-8d3a5922894e"},"type":"Compose","inputs":"@workflow()"},"Parse_JSON_Workflow_name":{"runAfter":{"Workflow-version":["Succeeded"]},"metadata":{"operationMetadataId":"bc726cbd-fcf9-4905-a982-465967b592d4"},"type":"ParseJson","inputs":{"content":"@outputs('Workflow-version')","schema":{"type":"object","properties":{"id":{"type":"string"},"name":{"type":"string"},"type":{"type":"string"},"location":{"type":"string"},"tags":{"type":"object","properties":{"flowDisplayName":{"type":"string"},"environmentName":{"type":"string"},"logicAppName":{"type":"string"},"environmentFlowSuspensionReason":{"type":"string"},"state":{"type":"string"},"createdTime":{"type":"string"},"lastModifiedTime":{"type":"string"},"createdBy":{"type":"string"},"triggerType":{"type":"string"}}},"run":{"type":"object","properties":{"id":{"type":"string"},"name":{"type":"string"},"type":{"type":"string"}}}}}}},"Post_message_First_Message_on_Monday":{"runAfter":{"Parse_JSON_Workflow_name":["Succeeded"]},"metadata":{"operationMetadataId":"6bd4c0ad-8faa-40ee-86cc-9793932d158e"},"type":"OpenApiConnection","inputs":{"parameters":{"poster":"User","location":"Channel","body/recipient/groupId":"6d0929ec-093c-425d-8c1e-f441da9ebd08","body/recipient/channelId":"19:6294c4cb0e0743fd9f8bdfbb9dbecb2f@thread.tacv2","body/messageBody":"<p class=\"editor-paragraph\"><span style=\"font-family: Tahoma;\">Hi All,</span><br><br><br>@{variables('varMentions')}<br><br><br><span style=\"font-family: Tahoma;\">The Reporting template has been published.</span><br><br><span style=\"font-family: Tahoma;\">Please see the link to this weeks Report Presentation for the next team meeting on</span> @{formatDateTime(outputs('nextFriday'),'D')}.</p><br><p class=\"editor-paragraph\"><br><br><a href=\"@{outputs('Create_sharing_link_for_new_file')?['body/link/webUrl']}\" class=\"editor-link\"><span style=\"font-family: Tahoma;\">PowerPoint Slide Link</span></a><br></p><br><p class=\"editor-paragraph\"><i><em class=\"editor-text-italic\" style=\"font-family: Tahoma;\">Regards</em></i></p><p class=\"editor-paragraph\"><br><i><em class=\"editor-text-italic\">Reporting Bot</em></i></p><br><p class=\"editor-paragraph\"><span style=\"font-family: Tahoma; font-size: 11px;\">Workflow version: @{body('Parse_JSON_Workflow_name')?['tags']?['flowDisplayName']}</span><br></p><br>","body/subject":"Weekly Report Link"},"host":{"apiId":"/providers/Microsoft.PowerApps/apis/shared_teams","connectionName":"shared_teams","operationId":"PostMessageToConversation"},"authentication":"@parameters('$authentication')"}},"Post_Friday_Reminder":{"runAfter":{"Delay_Until_Friday_after_9am":["Succeeded"]},"metadata":{"operationMetadataId":"6bd4c0ad-8faa-40ee-86cc-9793932d158e"},"type":"OpenApiConnection","inputs":{"parameters":{"poster":"User","location":"Channel","body/recipient/groupId":"6d0929ec-093c-425d-8c1e-f441da9ebd08","body/recipient/channelId":"19:c36955f7745644c89017e9e87caf12ea@thread.tacv2","body/messageBody":"<p class=\"editor-paragraph\"><span style=\"font-family: Tahoma;\">Hi All,</span></p><br><p class=\"editor-paragraph\"><i><em class=\"editor-text-italic\">Happy Friday.</em></i><br><br>@{variables('varMentions')}<br><br>A final reminder to update your section of the weekly report for this afternoons meeting.<br><br>Please see the link below.</p><br><p class=\"editor-paragraph\"><span style=\"background-color: rgb(248, 231, 28);\">**Please also remember to update the on-call rota**</span><br><br><br><a href=\"@{outputs('Create_sharing_link_for_new_file')?['body/link/webUrl']}\" class=\"editor-link\"><span style=\"font-family: Tahoma;\">PowerPoint Slide Link</span></a><br></p><br><p class=\"editor-paragraph\"><i><em class=\"editor-text-italic\" style=\"font-family: Tahoma;\">Regards</em></i></p><p class=\"editor-paragraph\"><br><i><em class=\"editor-text-italic\">Reporting Bot</em></i></p><br><p class=\"editor-paragraph\"><span style=\"font-family: Tahoma; font-size: 10px;\">Workflow version: </span>@{body('Parse_JSON_Workflow_name')?['tags']?['flowDisplayName']}<br></p><br>","body/subject":"Weekly Report Reminder"},"host":{"apiId":"/providers/Microsoft.PowerApps/apis/shared_teams","connectionName":"shared_teams","operationId":"PostMessageToConversation"},"authentication":"@parameters('$authentication')"}},"Scope_Get_Requirement_for_names_and_paths":{"actions":{"nextFriday":{"metadata":{"operationMetadataId":"1dd84cb6-d3c7-4420-b405-6e792aaf279a"},"type":"Compose","inputs":"@addDays(utcNow(),sub(5,dayOfWeek(utcNow())))"},"yearOnly":{"runAfter":{"nextFriday":["Succeeded"]},"metadata":{"operationMetadataId":"985c6587-20e7-4561-ac57-b38a238ee729"},"type":"Compose","inputs":"@concat(formatDateTime(outputs('nextFriday'),'yyyy'))"},"monthAndYear":{"runAfter":{"yearOnly":["Succeeded"]},"metadata":{"operationMetadataId":"3da98e1e-a6cf-4270-b496-90bbb7b86d26"},"type":"Compose","inputs":"@concat(formatDateTime(outputs('nextFriday'),'Y'))"},"shortMonthAndYear":{"runAfter":{"monthAndYear":["Succeeded"]},"metadata":{"operationMetadataId":"ce135e8f-c3d0-448a-8a2a-1090ae9367de"},"type":"Compose","inputs":"@concat(formatDateTime(outputs('nextFriday'),'MMM yy'))"},"dayMonthYear":{"runAfter":{"shortMonthAndYear":["Succeeded"]},"metadata":{"operationMetadataId":"78a78bc4-38ca-4dfc-ad1a-7467422b71c7"},"type":"Compose","inputs":"@concat(formatDateTime(outputs('nextFriday'),'dd-MM-yyyy'))"},"reportName":{"runAfter":{"dayMonthYear":["Succeeded"]},"metadata":{"operationMetadataId":"1e2d868b-3142-4ced-aff3-74c3792f692d"},"type":"Compose","inputs":"@string('Technical Security Team - Weekly Report')"}},"runAfter":{"Delay_Until_Monday_after_9am":["Succeeded"]},"type":"Scope"},"Scope_Wednesday_Reminder":{"actions":{"Compose_-_Wednesday_Date_Only":{"type":"Compose","inputs":"@addDays(utcNow('D'),\r\nif(equals(dayOfWeek(utcNow('D')),0),1,\r\n  sub(3,dayOfWeek(utcNow('D')))\r\n)\r\n)"},"Compose_-_Make_it_9am_Wednesday":{"runAfter":{"Compose_-_Wednesday_Date_Only":["Succeeded"]},"type":"Compose","inputs":"@addHours(outputs('Compose_-_Wednesday_Date_Only'),9)"},"Compose_-_Between_9.0am_and_9.55am_1":{"runAfter":{"Compose_-_Make_it_9am_Wednesday":["Succeeded"]},"type":"Compose","inputs":"@addMinutes(outputs('Compose_-_Make_it_9am_Wednesday'), rand(5,55))"}},"runAfter":{"Post_message_First_Message_on_Monday":["Succeeded"]},"type":"Scope"},"Delay_Until_Wednesday_after_9am":{"runAfter":{"Scope_Wednesday_Reminder":["Succeeded"]},"type":"Wait","inputs":{"until":{"timestamp":"@formatDateTime(outputs('Compose_-_Between_9.0am_and_9.55am_1'),'yyyy-MM-ddTHH:mm:ssZ')"}}},"Scope_Friday_":{"actions":{"Compose_-_Friday_Date_Only":{"type":"Compose","inputs":"@addDays(utcNow('D'),\r\nif(equals(dayOfWeek(utcNow('D')),0),1,\r\n  sub(5,dayOfWeek(utcNow('D')))\r\n)\r\n)"},"Compose_-_Make_it_9am_Friday":{"runAfter":{"Compose_-_Friday_Date_Only":["Succeeded"]},"type":"Compose","inputs":"@addHours(outputs('Compose_-_Friday_Date_Only'),9)"},"Compose_-_Friday_Between_9.0am_and_9.55am_":{"runAfter":{"Compose_-_Make_it_9am_Friday":["Succeeded"]},"type":"Compose","inputs":"@addMinutes(outputs('Compose_-_Make_it_9am_Friday'), rand(5,55))"}},"runAfter":{"Post_reminder_on_Wedneday":["Succeeded"]},"type":"Scope"},"Post_reminder_on_Wedneday":{"runAfter":{"Delay_Until_Wednesday_after_9am":["Succeeded"]},"metadata":{"operationMetadataId":"6bd4c0ad-8faa-40ee-86cc-9793932d158e"},"type":"OpenApiConnection","inputs":{"parameters":{"poster":"User","location":"Channel","body/recipient/groupId":"6d0929ec-093c-425d-8c1e-f441da9ebd08","body/recipient/channelId":"19:c36955f7745644c89017e9e87caf12ea@thread.tacv2","body/messageBody":"<p class=\"editor-paragraph\"><span style=\"font-family: Tahoma;\">Hi All,</span></p><br><p class=\"editor-paragraph\"><br>@{variables('varMentions')}<br><br>This is a reminder about the weekly report for Friday.</p><br><p class=\"editor-paragraph\">You may want to add an entry early.</p><br><p class=\"editor-paragraph\"><br>Please see the link below</p><p class=\"editor-paragraph\"><br><br><a href=\"@{outputs('Create_sharing_link_for_new_file')?['body/link/webUrl']}\" class=\"editor-link\"><span style=\"font-family: Tahoma;\">PowerPoint Slide Link</span></a><br></p><br><p class=\"editor-paragraph\"><i><em class=\"editor-text-italic\" style=\"font-family: Tahoma;\">Regards</em></i></p><p class=\"editor-paragraph\"><br><i><em class=\"editor-text-italic\">Reporting Bot</em></i></p><br><p class=\"editor-paragraph\"><span style=\"font-family: Tahoma; font-size: 11px;\">Workflow version: </span>@{body('Parse_JSON_Workflow_name')?['tags']?['flowDisplayName']}<br></p><br>","body/subject":"Weekly Report Reminder"},"host":{"apiId":"/providers/Microsoft.PowerApps/apis/shared_teams","connectionName":"shared_teams","operationId":"PostMessageToConversation"},"authentication":"@parameters('$authentication')"}},"Delay_Until_Friday_after_9am":{"runAfter":{"Scope_Friday_":["Succeeded"]},"type":"Wait","inputs":{"until":{"timestamp":"@formatDateTime(outputs('Compose_-_Friday_Between_9.0am_and_9.55am_'),'yyyy-MM-ddTHH:mm:ssZ')"}}},"Scope_Delay_til_Monday":{"actions":{"Compose_-_Monday_Date_Only":{"type":"Compose","inputs":"@addDays(utcNow('D'),\r\nif(equals(dayOfWeek(utcNow('D')),0),1,\r\n  sub(1,dayOfWeek(utcNow('D')))\r\n)\r\n)"},"Compose_-_Make_it_9am":{"runAfter":{"Compose_-_Monday_Date_Only":["Succeeded"]},"type":"Compose","inputs":"@addHours(outputs('Compose_-_Monday_Date_Only'),9)"},"Compose_-_Between_9.0am_and_9.55am":{"runAfter":{"Compose_-_Make_it_9am":["Succeeded"]},"type":"Compose","inputs":"@addMinutes(outputs('Compose_-_Make_it_9am'), rand(5,55))"}},"runAfter":{},"type":"Scope"},"Delay_Until_Monday_after_9am":{"runAfter":{"Scope_Delay_til_Monday":["Succeeded"]},"type":"Wait","inputs":{"until":{"timestamp":"@formatDateTime(outputs('Compose_-_Between_9.0am_and_9.55am'),'yyyy-MM-ddTHH:mm:ssZ')"}}}}},"connectionReferences":{"shared_sharepointonline":{"connectionName":"shared-sharepointonl-b8ae0fad-ea94-461a-a5e9-cd5403a10a06","source":"Embedded","id":"/providers/Microsoft.PowerApps/apis/shared_sharepointonline","tier":"NotSpecified","apiName":"sharepointonline"},"shared_teams":{"connectionName":"shared-teams-5532a934-edeb-4ad0-972b-161561b05ab0","source":"Embedded","id":"/providers/Microsoft.PowerApps/apis/shared_teams","tier":"NotSpecified","apiName":"teams"}},"flowFailureAlertSubscribed":false,"isManaged":false}}