{"name":"34fa523b-fdf3-4b55-8515-b8273084177e","id":"/providers/Microsoft.Flow/flows/34fa523b-fdf3-4b55-8515-b8273084177e","type":"Microsoft.Flow/flows","properties":{"apiId":"/providers/Microsoft.PowerApps/apis/shared_logicflows","displayName":"Report Generator v.6.1.0","definition":{"metadata":{"workflowEntityId":null,"processAdvisorMetadata":null,"flowChargedByPaygo":null,"flowclientsuspensionreason":"None","flowclientsuspensiontime":null,"flowclientsuspensionreasondetails":null,"creator":{"id":"310b520f-9cd5-4c3f-8de5-40335708e7a4","type":"User","tenantId":"39d6d41d-c7ca-4a42-ae3b-0fba82be994b"},"provisioningMethod":"FromDefinition","failureAlertSubscription":true,"clientLastModifiedTime":"2025-02-04T14:43:33.3801595Z","connectionKeySavedTimeKey":"2025-02-04T14:43:33.3801595Z"},"$schema":"https://schema.management.azure.com/providers/Microsoft.Logic/schemas/2016-06-01/workflowdefinition.json#","contentVersion":"undefined","parameters":{"$authentication":{"defaultValue":{},"type":"SecureObject"},"$connections":{"defaultValue":{},"type":"Object"}},"triggers":{"manual":{"metadata":{"operationMetadataId":"ab9f362a-1883-4c93-8fd9-e3487b60b336"},"type":"Request","kind":"Button","inputs":{"schema":{"type":"object","properties":{},"required":[]}}}},"actions":{"fridayInWeek":{"runAfter":{},"metadata":{"operationMetadataId":"985c6587-20e7-4561-ac57-b38a238ee729"},"type":"Compose","inputs":"@addDays(utcNow(),sub(5,dayOfWeek(utcNow())))"},"Get_file_content":{"runAfter":{"Create_folder_to_get_the_folder_details":["Succeeded"]},"metadata":{"%252fShared%2bDocuments%252fSecOps%2bTeam%2bReporting%252f1.%2bReport%2bTemplates%252f1.%2bTechnical%2bSecurity%2bTeam%252f2.%2bWeekly%2bTechnical%2bSecurity%2bTeam%2bReport%252fTEMPLATE.pptx":"/Shared Documents/SecOps Team Reporting/1. Report Templates/1. Technical Security Team/2. Weekly Technical Security Team Report/TEMPLATE.pptx","operationMetadataId":"399b371d-978b-4967-84d2-6360f11e344d"},"type":"OpenApiConnection","inputs":{"parameters":{"dataset":"https://easyjet.sharepoint.com/sites/SecurityOperations","id":"%252fShared%2bDocuments%252fSecOps%2bTeam%2bReporting%252f1.%2bReport%2bTemplates%252f1.%2bTechnical%2bSecurity%2bTeam%252f2.%2bWeekly%2bTechnical%2bSecurity%2bTeam%2bReport%252fTEMPLATE.pptx","inferContentType":true},"host":{"apiId":"/providers/Microsoft.PowerApps/apis/shared_sharepointonline","connectionName":"shared_sharepointonline","operationId":"GetFileContent"},"authentication":{"value":"@json(decodeBase64(triggerOutputs().headers['X-MS-APIM-Tokens']))['$ConnectionKey']","type":"Raw"}}},"Create_file":{"runAfter":{"dup-protection-timestamp":["Succeeded"]},"metadata":{"operationMetadataId":"92086bff-9062-49e9-af29-22e601bbe417"},"type":"OpenApiConnection","inputs":{"parameters":{"dataset":"https://easyjet.sharepoint.com/sites/SecurityOperations","folderPath":"/Shared Documents/SecOps Team Reporting/2. Weekly/1. Technical Security Weekly Report/@{outputs('YearOnly')}/@{outputs('Short_Month_And_Year')}/","name":"@{outputs('day-month-year')}- @{outputs('filename-body')}-@{outputs('dup-protection-timestamp')}.pptx\n","body":"@outputs('Get_file_content')?['body']"},"host":{"apiId":"/providers/Microsoft.PowerApps/apis/shared_sharepointonline","connectionName":"shared_sharepointonline","operationId":"CreateFile"},"authentication":{"value":"@json(decodeBase64(triggerOutputs().headers['X-MS-APIM-Tokens']))['$ConnectionKey']","type":"Raw"}}},"Initialize_variable":{"runAfter":{"fridayInWeek":["Succeeded"]},"metadata":{"operationMetadataId":"1c99772b-1fb3-4ab9-9c14-24998471aa27"},"type":"InitializeVariable","inputs":{"variables":[{"name":"fridayInWeek","type":"string","value":"@addDays(utcNow(),sub(5,dayOfWeek(utcNow())))"}]}},"Delay":{"runAfter":{"Create_file":["Succeeded"]},"metadata":{"operationMetadataId":"93503c88-6cb0-4cb4-a5b1-ca312f2d518d"},"type":"Wait","inputs":{"interval":{"count":2,"unit":"Second"}}},"Create_sharing_link_for_a_file_or_folder":{"runAfter":{"Delay":["Succeeded"]},"metadata":{"operationMetadataId":"8216eb9d-5c76-417c-8564-c23756325e14"},"type":"OpenApiConnection","inputs":{"parameters":{"dataset":"https://easyjet.sharepoint.com/sites/SecurityOperations","table":"Documents","id":"@outputs('Create_file')?['body/ItemId']","permission/type":"edit","permission/scope":"organization"},"host":{"apiId":"/providers/Microsoft.PowerApps/apis/shared_sharepointonline","connectionName":"shared_sharepointonline","operationId":"CreateSharingLink"},"authentication":{"value":"@json(decodeBase64(triggerOutputs().headers['X-MS-APIM-Tokens']))['$ConnectionKey']","type":"Raw"}}},"Short_Month_And_Year":{"runAfter":{"MonthAndDate":["Succeeded"]},"type":"Compose","inputs":"@concat(formatDateTime(outputs('fridayInWeek'),'MMM yy'))"},"MonthAndDate":{"runAfter":{"YearOnly":["Succeeded"]},"type":"Compose","inputs":"@concat(formatDateTime(outputs('fridayInWeek'),'Y'))"},"YearOnly":{"runAfter":{"Initialize_variable":["Succeeded"]},"type":"Compose","inputs":"@concat(formatDateTime(outputs('fridayInWeek'),'yyyy'))"},"Create_folder_to_get_the_folder_details":{"runAfter":{"filename-body":["Succeeded"]},"metadata":{"operationMetadataId":"4f270e7a-8dd0-490c-94a2-35752eac41b6"},"type":"OpenApiConnection","inputs":{"parameters":{"dataset":"https://easyjet.sharepoint.com/sites/SecurityOperations","table":"58672fad-08b5-4480-bcfd-80f783cc463b","parameters/path":"/SecOps Team Reporting/2. Weekly/1. Technical Security Weekly Report2025/@{outputs('YearOnly')}/@{outputs('Short_Month_And_Year')}/"},"host":{"apiId":"/providers/Microsoft.PowerApps/apis/shared_sharepointonline","connectionName":"shared_sharepointonline","operationId":"CreateNewFolder"},"authentication":{"value":"@json(decodeBase64(triggerOutputs().headers['X-MS-APIM-Tokens']))['$ConnectionKey']","type":"Raw"}}},"day-month-year":{"runAfter":{"Short_Month_And_Year":["Succeeded"]},"type":"Compose","inputs":"@concat(formatDateTime(outputs('fridayInWeek'),'dd-MM-yyyy'))"},"nameList":{"runAfter":{"Create_sharing_link_for_a_file_or_folder":["Succeeded"]},"type":"Compose","inputs":"@createArray('adam.abdat@easyjet.com', 'katie.laidler@easyjet.com', 'mark.frost@easyjet.com', 'jon.enright@easyjet.com', 'robert.cooper@easyjet.com', 'charles.london@easyjet.com', 'cameron.heckstallsmith@easyjet.com', 'washima.tuleun@easyjet.com', 'steve.cooper@easyjet.com', 'jotinder.dhanjal@easyjet.com', 'shilpa.kothari@easyjet.com')"},"varMentions":{"runAfter":{"nameList":["Succeeded"]},"type":"InitializeVariable","inputs":{"variables":[{"name":"varMentions","type":"string"}]}},"Get_Mention_for_Each_Name":{"foreach":"@outputs('nameList')","actions":{"Get_an_@mention_token_for_a_user":{"type":"OpenApiConnection","inputs":{"parameters":{"userId":"@items('Get_Mention_for_Each_Name')"},"host":{"apiId":"/providers/Microsoft.PowerApps/apis/shared_teams","connectionName":"shared_teams","operationId":"AtMentionUser"},"authentication":{"value":"@json(decodeBase64(triggerOutputs().headers['X-MS-APIM-Tokens']))['$ConnectionKey']","type":"Raw"}}},"mentionsStrings":{"runAfter":{"Get_an_@mention_token_for_a_user":["Succeeded"]},"type":"AppendToStringVariable","inputs":{"name":"varMentions","value":"@concat(outputs('Get_an_@mention_token_for_a_user')?['body/atMention'],'; ')"}}},"runAfter":{"varMentions":["Succeeded"]},"type":"Foreach"},"Post_message_First_Message_on_Monday":{"runAfter":{"Parse_JSON":["Succeeded"]},"metadata":{"operationMetadataId":"6bd4c0ad-8faa-40ee-86cc-9793932d158e"},"type":"OpenApiConnection","inputs":{"parameters":{"poster":"User","location":"Channel","body/recipient/groupId":"6d0929ec-093c-425d-8c1e-f441da9ebd08","body/recipient/channelId":"19:f51e11b190f942dc91652299850e769b@thread.tacv2","body/messageBody":"<p class=\"editor-paragraph\"><span style=\"font-family: Tahoma;\">Hi All,</span><br><br><br>@{variables('varMentions')}<br><br><br><span style=\"font-family: Tahoma;\">The Reporting template has been published.</span><br><br><span style=\"font-family: Tahoma;\">Please see the link to this weeks Report Presentation for the next team meeting on</span> @{formatDateTime(outputs('fridayInWeek'),'D')}.</p><br><p class=\"editor-paragraph\"><br><a href=\"@{outputs('Create_sharing_link_for_a_file_or_folder')?['body/link/webUrl']}\" class=\"editor-link\"><span style=\"font-family: Tahoma;\">PowerPoint Slide Link</span></a></p><br><p class=\"editor-paragraph\"><i><em class=\"editor-text-italic\" style=\"font-family: Tahoma;\">Regards</em></i></p><p class=\"editor-paragraph\"><br><i><em class=\"editor-text-italic\">Reporting Bot</em></i></p><br><p class=\"editor-paragraph\"><span style=\"font-family: Tahoma; font-size: 10px;\">Workflow version: </span>@{body('Parse_JSON')?['tags']?['flowDisplayName']}<br></p><br>","body/subject":"Weekly Report Link"},"host":{"apiId":"/providers/Microsoft.PowerApps/apis/shared_teams","connectionName":"shared_teams","operationId":"PostMessageToConversation"},"authentication":{"value":"@json(decodeBase64(triggerOutputs().headers['X-MS-APIM-Tokens']))['$ConnectionKey']","type":"Raw"}}},"Workflow_version":{"runAfter":{"Get_Mention_for_Each_Name":["Succeeded"]},"type":"Compose","inputs":"@workflow()"},"Parse_JSON":{"runAfter":{"Workflow_version":["Succeeded"]},"type":"ParseJson","inputs":{"content":"@outputs('Workflow_version')","schema":{"type":"object","properties":{"id":{"type":"string"},"name":{"type":"string"},"type":{"type":"string"},"location":{"type":"string"},"tags":{"type":"object","properties":{"flowDisplayName":{"type":"string"},"environmentName":{"type":"string"},"logicAppName":{"type":"string"},"environmentFlowSuspensionReason":{"type":"string"},"state":{"type":"string"},"createdTime":{"type":"string"},"lastModifiedTime":{"type":"string"},"createdBy":{"type":"string"},"triggerType":{"type":"string"}}},"run":{"type":"object","properties":{"id":{"type":"string"},"name":{"type":"string"},"type":{"type":"string"}}}}}}},"dup-protection-timestamp":{"runAfter":{"Get_file_content":["Succeeded"]},"type":"Compose","inputs":"@formatDateTime(utcNow(), 'HH:mm')"},"filename-body":{"runAfter":{"day-month-year":["Succeeded"]},"type":"Compose","inputs":"@string('Technical Security Team - Weekly Report')"},"Delay_Until_Wednesday_at_11m":{"runAfter":{"Post_message_First_Message_on_Monday":["Succeeded"]},"type":"Wait","inputs":{"until":{"timestamp":"@formatDateTime(addDays(utcNow(), sub(2, dayOfWeek(utcNow()))), 'yyyy-MM-dd')"}}},"Post_message_Wednesday_reminder":{"runAfter":{"Delay_Until_Wednesday_at_11m":["Succeeded"]},"metadata":{"operationMetadataId":"6bd4c0ad-8faa-40ee-86cc-9793932d158e"},"type":"OpenApiConnection","inputs":{"parameters":{"poster":"User","location":"Channel","body/recipient/groupId":"6d0929ec-093c-425d-8c1e-f441da9ebd08","body/recipient/channelId":"19:f51e11b190f942dc91652299850e769b@thread.tacv2","body/messageBody":"<p class=\"editor-paragraph\"><span style=\"font-family: Tahoma;\">Hi All,</span><br><br><br>@{variables('varMentions')}<br><br><br>This is a reminder about the weekly report for Friday.<span style=\"font-family: Tahoma;\"> </span>@{formatDateTime(outputs('fridayInWeek'),'D')}<span style=\"font-family: Tahoma;\">.  </span></p><br><p class=\"editor-paragraph\">You may want to add an entry early.<br><br><span style=\"font-family: Tahoma;\">Please see the link below</span></p><br><p class=\"editor-paragraph\"><br><a href=\"@{outputs('Create_sharing_link_for_a_file_or_folder')?['body/link/webUrl']}\" class=\"editor-link\"><span style=\"font-family: Tahoma;\">PowerPoint Slide Link</span></a></p><br><p class=\"editor-paragraph\">**Please also remember to update the on-call rota**</p><br><br><p class=\"editor-paragraph\"><i><em class=\"editor-text-italic\" style=\"font-family: Tahoma;\">Regards</em></i></p><p class=\"editor-paragraph\"><br><i><em class=\"editor-text-italic\">Reporting Bot</em></i></p><br><p class=\"editor-paragraph\"><span style=\"font-family: Tahoma; font-size: 10px;\">Workflow version: </span>@{body('Parse_JSON')?['tags']?['flowDisplayName']}<br></p><br>","body/subject":"Weekly Report Link"},"host":{"apiId":"/providers/Microsoft.PowerApps/apis/shared_teams","connectionName":"shared_teams","operationId":"PostMessageToConversation"},"authentication":{"value":"@json(decodeBase64(triggerOutputs().headers['X-MS-APIM-Tokens']))['$ConnectionKey']","type":"Raw"}}},"Delay_Until_Friday_AM":{"runAfter":{"Post_message_Wednesday_reminder":["Succeeded"]},"type":"Wait","inputs":{"until":{"timestamp":"@formatDateTime(addDays(utcNow(), sub(5, dayOfWeek(utcNow()))), 'yyyy-MM-dd')"}}},"Post_message_Friday_reminder":{"runAfter":{"Delay_Until_Friday_AM":["Succeeded"]},"metadata":{"operationMetadataId":"6bd4c0ad-8faa-40ee-86cc-9793932d158e"},"type":"OpenApiConnection","inputs":{"parameters":{"poster":"User","location":"Channel","body/recipient/groupId":"6d0929ec-093c-425d-8c1e-f441da9ebd08","body/recipient/channelId":"19:f51e11b190f942dc91652299850e769b@thread.tacv2","body/messageBody":"<p class=\"editor-paragraph\"><span style=\"font-family: Tahoma;\">Hi All,</span><br><br><br>@{variables('varMentions')}<br><br><br>A reminder to update your section  the weekly report for this afternoons meeting<span style=\"font-family: Tahoma;\"> </span><br><br><span style=\"font-family: Tahoma;\">Please see the link below.</span></p><br><p class=\"editor-paragraph\"><br><a href=\"@{outputs('Create_sharing_link_for_a_file_or_folder')?['body/link/webUrl']}\" class=\"editor-link\"><span style=\"font-family: Tahoma;\">PowerPoint Slide Link</span></a></p><br><p class=\"editor-paragraph\"><span style=\"background-color: rgb(248, 231, 28);\">**Please also remember to update the on-call rota**</span><br></p><br><p class=\"editor-paragraph\"><i><em class=\"editor-text-italic\" style=\"font-family: Tahoma;\">Regards</em></i></p><p class=\"editor-paragraph\"><br><i><em class=\"editor-text-italic\">Reporting Bot</em></i></p><br><p class=\"editor-paragraph\">@{outputs('dup-protection-timestamp')}</p><br><p class=\"editor-paragraph\"><span style=\"font-family: Tahoma; font-size: 10px;\">Workflow version: </span>@{body('Parse_JSON')?['tags']?['flowDisplayName']}<br></p><br>","body/subject":"Weekly Report Link"},"host":{"apiId":"/providers/Microsoft.PowerApps/apis/shared_teams","connectionName":"shared_teams","operationId":"PostMessageToConversation"},"authentication":{"value":"@json(decodeBase64(triggerOutputs().headers['X-MS-APIM-Tokens']))['$ConnectionKey']","type":"Raw"}}},"Terminate":{"runAfter":{"Post_message_Friday_reminder":["Succeeded"]},"type":"Terminate","inputs":{"runStatus":"Failed"}}}},"connectionReferences":{"shared_sharepointonline":{"connectionName":"shared-sharepointonl-b8ae0fad-ea94-461a-a5e9-cd5403a10a06","source":"Invoker","id":"/providers/Microsoft.PowerApps/apis/shared_sharepointonline","tier":"NotSpecified","apiName":"sharepointonline"},"shared_teams":{"connectionName":"shared-teams-5532a934-edeb-4ad0-972b-161561b05ab0","source":"Invoker","id":"/providers/Microsoft.PowerApps/apis/shared_teams","tier":"NotSpecified","apiName":"teams"}},"flowFailureAlertSubscribed":false,"isManaged":false}}